Species,TTT,TTC,TTA,TTG,CTT,CTC,CTA,CTG,ATT,ATC,ATA,ATG,GTT,GTC,GTA,GTG,TAT,TAC,TAA,TAG,CAT,CAC,CAA,CAG,AAT,AAC,AAA,AAG,GAT,GAC,GAA,GAG,TCT,TCC,TCA,TCG,CCT,CCC,CCA,CCG,ACT,ACC,ACA,ACG,GCT,GCC,GCA,GCG,TGT,TGC,TGA,TGG,CGT,CGC,CGA,CGG,AGT,AGC,AGA,AGG,GGT,GGC,GGA,GGG
Escherichia coli,14531319,10656182,8888089,8612371,7619373,7147301,2594711,33487457,19419074,16025349,3389222,17813091,12173166,9829705,7211725,16628059,10781164,8048709,1309166,168945,8305678,6176007,9673121,18996770,12023208,14025255,22254321,7348542,21038945,12631100,25700001,12045361,5734031,5840869,5149362,5672166,4834670,3679206,5507525,14562392,6010224,14819773,5237293,9425828,10262268,16542697,13463353,20874688,3423793,4152051,686149,9888866,13347630,13768203,2476709,3955165,6005828,10304978,1768797,1102151,15883363,18540274,5634748,7337776
Bacillus subtilis,1282311,621463,800265,634470,985437,484242,186466,1034564,1546270,1183813,388890,1149675,793766,776872,556805,762869,956239,530559,89733,20078,647012,325917,815427,820334,930613,747477,2125730,879485,1397346,829318,2124060,978977,534402,357271,622700,276115,432733,148669,266187,733729,350961,384354,915749,674929,781177,728366,886202,929382,148940,184580,33669,434208,324879,379400,162122,301306,274692,608689,454816,163532,538131,1035174,931371,478543
Natronobacterium gregoryi SP2,5518,28064,1569,6441,5986,50642,2973,25233,5542,36472,1958,17045,9308,64868,4409,16027,4044,24462,852,870,2315,18406,5119,21467,2963,20500,8488,11073,16541,73857,34855,64533,3277,10126,2891,22752,2626,14641,6655,23186,6099,24705,5541,31045,10013,40004,16807,38504,5303,2913,1934,11560,8168,20919,14112,19477,5885,12770,2259,1881,14789,39608,12764,16425
Streptomyces coelicolor A3(2),1246,73157,178,6862,4548,103258,1015,171824,1793,78212,1878,44658,4117,132653,7494,98666,2763,55258,405,1502,4803,61645,3827,71686,2034,46270,2995,56234,8661,164746,24586,137026,1819,57265,3051,38870,4368,71749,3791,94167,3390,112454,4639,53572,8650,221451,15795,139574,2043,19932,6688,42660,15491,110709,7319,89629,4273,35064,2193,10313,26047,172516,20185,51074
Deinococcus radiodurans R1,20338,39869,1300,14254,9503,65713,2634,131251,19240,42406,1405,33946,6968,44951,4306,92771,7316,37037,1622,633,6355,33350,13764,65645,6997,39345,15160,37290,10525,87361,48546,62186,4134,14424,3164,21997,9785,51569,5663,47090,6979,67156,3960,33645,16877,114642,12011,90423,2053,10043,3939,26588,13023,77645,4220,39436,8697,46029,1854,3832,13863,111674,10442,39588
Azotobacter vinelandii,304,3562,50,766,342,2669,144,7732,481,4699,127,2375,538,3290,379,3446,611,2331,50,25,715,1713,612,3435,522,3149,607,3261,1707,5399,2921,4417,136,1676,78,1217,268,1515,215,3021,321,4111,149,771,736,7291,514,3025,217,1286,237,1186,1001,4232,241,1205,354,2680,92,269,1365,7702,486,990
Mycoplasma genitalium,8041,2517,7037,3275,2967,1789,2959,1114,6002,4893,1458,2322,5951,1408,2974,3119,5528,2008,155,61,1598,1112,7594,2147,9835,10897,10883,6297,9855,2463,5539,3387,3050,1768,4897,394,3453,2521,2787,668,5849,5567,3430,1249,4969,986,4833,982,522,102,1964,1436,598,368,249,247,10485,1913,2818,1473,4775,1930,3192,4011
Acidianus brierleyi,26841,10704,36249,8674,14556,3203,13378,2525,28027,5270,50184,17706,18995,3463,24865,4433,29116,9128,1568,523,7959,2069,12062,3890,32534,10496,44641,19816,29857,9486,39678,13362,18835,4059,13981,3331,13737,1814,12483,2232,18099,2595,13230,3335,18337,3906,17777,3332,3531,1749,775,8091,1005,309,845,196,11677,4916,21282,6688,15047,5167,26815,4120
Pyrolobus fumarii 1A,3592,10537,2790,6758,9294,16918,14417,11062,4985,9149,17498,10337,11819,12492,10924,18144,6731,12217,585,793,3386,6721,2857,6362,2993,8476,5016,19229,9828,13390,6943,35298,3178,2945,2414,4539,5070,6640,6909,8215,4621,5967,5922,7645,14099,12130,10807,14274,2458,3199,589,7305,6759,8652,1987,2965,4708,9891,7405,15971,11444,16753,4519,7575
Pyrococcus abyssi GE5,8901,14710,9096,7961,11625,11281,10052,5764,11520,8410,26233,12616,21337,8209,7401,7355,7642,13196,517,354,3095,5114,3979,5139,7059,11123,13297,29135,14970,10158,19335,28715,3736,3861,4867,2825,4995,5368,9270,3508,6033,5962,4417,6438,11023,10470,9144,5602,1347,1644,921,6416,569,631,479,343,4064,7604,9166,19939,8494,5905,16371,8711
Synechococcus lividus PCC 6715,18714,5365,10870,14998,9712,15354,10114,21718,26046,10901,1267,12612,10853,10731,5410,22947,9491,10692,789,945,6967,9069,20589,19263,10449,10434,10876,8999,21935,10443,19102,18393,4320,6197,3220,4629,6932,16581,6761,8227,5699,20261,5639,8180,12781,28174,13111,15099,3747,4142,530,11491,6942,19327,4381,10587,8985,9506,825,1155,10577,17765,5628,14843
Drosophila melanogaster,565672,926130,191586,691308,377335,586231,351663,1643097,711773,980278,410655,1026138,481531,597153,273391,1190524,466662,776344,30651,26004,462467,684908,692709,1573903,921718,1119428,715758,1672905,1185675,1037167,910395,1830965,297931,831496,341629,723708,297235,771350,595526,695449,411007,925770,479089,625073,612728,1455558,555153,604327,247107,589416,20110,419920,376612,763714,369097,349240,498652,894074,221822,269321,575772,1150204,769724,199711
Caenorhabditis elegans,33900,41120,14902,34824,38856,28545,12438,21742,54471,34928,12923,45587,43169,26560,17156,25000,28311,23813,1466,590,25863,16716,50717,27257,51895,32713,62466,48513,69257,33500,75848,47452,29859,18761,36462,22379,15599,7246,49434,16689,32709,19057,35120,15542,42914,25039,35941,14651,20076,16034,796,19217,22407,9940,23211,8496,20937,14252,26891,6513,21052,11585,63070,6851
Tribolium castaneum,8755,9695,4840,9449,4462,6332,3219,6558,9569,8941,4197,8704,6308,6792,2899,7757,5162,8847,397,155,3440,5594,8088,5815,8021,10626,13527,7882,7871,10204,11659,8242,2654,4790,3451,5938,3834,5807,4347,4952,5422,6513,4639,5419,4713,7911,3769,4591,3802,3786,163,5396,1935,2953,2757,2753,4593,4753,3401,3252,4221,6190,4773,4898
Felis catus,7774,13454,3102,5812,5463,11856,3132,22677,6898,12336,3449,10558,4694,9884,3022,17954,6502,10649,219,230,4134,8101,5511,16531,7401,12489,11076,15824,9389,15315,11408,19534,6964,11293,4904,2769,7307,11908,7279,4440,5799,13725,7411,5004,8057,16742,6543,4549,5349,7801,542,8966,2140,5232,2689,5876,5897,11476,5797,6233,5140,12106,8533,9545
Canis lupus familiaris,27283,41417,9949,19454,17913,36989,9710,67255,26165,39929,12587,34717,14251,27432,11909,51711,19758,30033,860,435,13864,22482,16199,48486,27276,33103,33720,46315,28138,40749,38513,56953,24001,30801,16656,5980,23148,30412,20663,9625,20580,32431,21315,12295,27174,46682,21028,12924,17664,22834,1521,20497,5123,16979,8852,18711,16286,30762,17130,16965,16677,36303,22610,27536
Arabidopsis thaliana,1313105,1200509,787507,1277749,1471721,954041,614255,613478,1289398,1082620,784404,1463075,1601994,737347,603585,1022696,883111,797047,51463,29331,842027,510314,1183086,917710,1369077,1243960,1851307,1935457,2201605,1013562,2092390,1930314,1512437,656027,1123962,544752,1110534,313301,969119,493271,1037587,593549,947435,446172,1649177,591377,1047298,515245,639092,438793,62041,741144,520489,221936,374812,290919,867511,682674,1148665,659443,1287489,535466,1411216,605543
Aspergillus nidulans,7181,13854,2542,7048,10267,12674,4283,10595,10141,14471,2894,12100,9620,13254,3185,7670,6087,10443,302,286,5593,6994,7964,13904,8207,14025,8116,17403,14106,16580,13253,19908,7947,9183,5707,7270,8544,8310,6305,7276,7828,10911,6834,6511,12501,14286,8490,9239,2364,4221,288,7104,5981,8441,4910,5097,4778,8314,3102,3177,11099,13530,7754,5670
Saccharomyces cerevisiae,207996,153549,209333,226999,98782,42938,107536,84782,247722,143217,137266,173602,182189,98824,94106,90187,149282,127044,8022,3608,112446,65682,232976,100094,297620,213618,340661,254056,312645,166679,376284,158670,196207,118628,154107,70031,113531,56510,153444,43433,172379,106933,149883,66056,182014,107951,131478,49756,64189,38594,5099,86226,53661,20113,24713,14152,117391,78130,175010,73254,208154,82756,87591,50541
Schizosaccharomyces pombe,103653,41856,83467,77007,80592,23384,27851,20590,111732,40452,43016,66254,92556,34230,39386,26651,70551,37587,4008,1406,51801,20085,87445,34584,108503,57147,126126,78723,121337,50119,141839,67306,97214,38997,57666,25896,68820,26001,40503,14500,74121,34383,45589,20904,95251,36896,50892,17094,28697,17854,1334,35446,50272,19242,25516,9531,47514,29471,36033,16309,68963,26554,50604,13996
Zea mays,226206,508191,88334,237674,286161,562603,126993,557420,235453,426592,149142,491506,293458,462007,125632,538150,168465,365549,13970,21564,189932,310525,210084,497601,234134,405968,259474,724832,421789,650301,355792,818969,234121,376032,221597,262763,263053,297401,270239,384514,191441,325678,201453,247391,412074,712075,338777,585146,103523,277118,35815,260186,126314,364034,93388,256836,148822,365755,171207,324174,277813,658817,275254,346781
Chlamydomonas reinhardtii,3514,16889,513,3143,3081,8936,2055,44708,4989,16683,871,16471,3444,10241,1624,31993,1858,14558,626,328,1737,12033,3157,25320,2026,18115,1894,26826,4829,28025,2293,35743,3193,10839,2487,10736,5494,18870,3806,15510,3474,17609,3276,11168,11595,36915,8909,33996,1162,8766,485,8793,3467,22974,1569,9087,2198,16546,572,2218,7002,43263,3834,7951
Oryza sativa,24969,38802,12877,27832,31604,45984,16070,42027,29637,37264,16907,44964,29931,33169,12539,41402,18324,29063,909,712,21477,26048,28173,40218,30808,37555,30212,59260,48879,49813,40671,67623,22370,27377,23053,21690,24179,17200,24052,30560,21506,24633,22172,19442,32009,47737,31201,40123,12697,23826,1629,25210,10448,24398,9636,18998,16628,30194,19161,26185,26806,47991,26522,27989
Lotus japonicus,45013,39040,20669,43732,45254,28786,17046,24910,47763,29804,24352,49247,51687,20909,17432,37604,31026,23287,2792,2168,27125,18467,37535,31595,46129,35721,53602,66657,66212,29731,61029,55438,42298,25415,38412,8444,36103,15287,33368,8441,33957,24189,31978,7177,55888,23387,42544,10780,18651,16732,3981,24460,11806,9725,9133,7019,25364,22455,30188,26509,39084,21354,40338,23883
Dunaliella salina,1009,2232,177,1062,583,1150,303,4219,1166,2599,179,2474,676,1315,374,3758,605,1912,82,31,538,1296,883,2849,804,2483,572,4177,1863,3016,798,4432,804,1621,607,431,1284,2031,899,413,1015,2051,974,688,1980,2975,1868,1239,233,999,66,1148,586,1865,391,551,387,1664,261,886,1313,3581,845,921
Physcomitrella patens,8512,9931,4217,11385,8678,6360,3882,10312,9632,8870,4168,12546,8866,6205,4981,13817,5476,7466,229,292,6042,5645,8405,10554,9311,9362,9906,16255,14224,11468,12822,17883,7693,5674,6132,5693,7911,5156,6545,4387,7367,5603,6169,5198,11692,7970,10263,7569,3763,4392,342,6136,4074,4057,4768,4758,6000,7211,5184,5600,8864,8292,10605,7605
Emiliania huxleyi,573,1562,217,200,254,2812,171,1781,568,1955,83,1463,302,1876,321,1673,198,1323,5,36,145,1114,378,1454,148,1385,341,2112,593,2341,552,3104,192,942,138,1440,259,938,405,1506,356,1062,416,1215,458,2357,678,2730,60,843,56,680,332,1645,286,761,99,617,57,126,650,2791,434,678
Thalassiosira pseudonana,917,1394,923,1203,895,1187,462,491,1316,1567,389,1596,1087,1021,856,933,901,1242,21,23,864,813,1473,796,1112,1622,1611,2165,2261,1542,1910,1691,990,683,738,587,857,536,1235,426,1124,979,1141,795,1672,1079,1541,540,616,502,32,934,1047,436,565,204,722,508,532,414,1393,743,1567,460
Populus trichocarpa,36766,30363,15367,34541,37367,21316,14088,18977,37727,25488,17715,39306,41342,19094,13813,28262,25834,20564,1780,1218,21597,14515,30146,25885,38555,28475,42314,57839,56711,25768,48760,48030,33479,17291,29036,7747,31292,11765,30901,6689,28323,19184,24855,6269,48491,21616,35037,7249,14017,14011,2198,19608,11056,7626,7743,5869,19871,18069,24424,21791,33166,19470,34125,20121
Homo sapiens,1312276,1853233,554290,994145,978708,1681220,524134,3475833,1197171,1846826,566671,1795879,854979,1351947,551808,2588186,1204745,1698086,43770,37134,829436,1229656,984102,3188790,1301197,1703328,1823350,2633249,1724614,2462369,2121414,3559157,1406901,1712470,1013088,366043,1381931,1610106,1312697,616200,1074645,1924376,1286939,677164,1537222,2474944,1294453,821985,857976,1027438,81801,1357566,366100,1027850,542865,1042539,1103656,1762177,1124989,1016681,909475,2006862,1444075,1736067
Pan troglodytes,30004,35433,13095,21755,22110,33797,12593,63564,27991,36006,13670,37604,19148,24177,12109,47522,22267,27579,956,906,18720,26007,20627,59700,28145,31528,40501,53555,34684,41809,45237,66617,26522,28474,20554,6330,27309,30660,26124,10219,22267,33969,26749,9683,32609,42638,26486,12884,17483,19539,2056,24727,7613,16625,10008,18312,20316,31635,22333,21530,16714,33542,26715,27897
Mus musculus,525306,720666,212114,416343,423662,650520,245914,1281499,501749,696121,231332,727854,335698,540656,243839,912925,439464,640053,17099,14576,322533,474466,405760,1136568,514164,654811,701721,1144056,680189,865714,836628,1282261,592933,633393,410600,131602,624037,557915,546303,188150,503091,653921,570178,188596,670874,841898,528492,206596,368993,383876,30524,464876,141583,286269,210663,315358,452180,693838,390260,403919,408031,713754,583001,525121
Rattus norvegicus,152211,213932,55497,118369,116337,187613,70877,380199,141336,223384,63964,214415,96875,150865,66466,278321,110008,160520,5412,4465,89882,139247,104636,317654,141082,201689,202726,327515,197172,262149,253387,388086,139233,166741,104180,40537,164440,167779,153471,58510,122689,183751,143795,58444,185432,252671,147411,63367,92345,109717,9994,122749,46145,90741,63806,101726,112168,179365,105648,110880,107405,203004,156971,145840
Heterocephalus glaber,1564,1936,580,1076,1025,1611,514,3453,1516,2125,603,1993,977,1391,679,2663,1120,1506,39,34,881,1208,919,2839,1549,1854,2138,3197,2125,2452,2407,3608,1402,1567,969,374,1490,1569,1400,496,1280,1791,1297,469,1808,2490,1505,550,769,971,81,939,403,904,537,929,1316,1878,894,882,1111,2030,1541,1368
Danio rerio,224715,259986,85879,151994,158932,212294,77428,474260,206115,298711,95580,313698,178208,185567,83999,356551,158520,214367,10374,7268,136935,186944,150914,419189,206191,303497,377998,384095,313423,348579,310859,538922,215888,190759,169851,68981,211661,158038,200897,102859,186434,205203,218830,92098,261802,240850,207759,105112,144990,142119,13261,145856,86442,120031,83178,82441,169133,234697,181978,126761,175093,215855,277599,126428
Gallus gallus,107123,118410,45646,80938,78977,100701,39744,237932,98345,131414,54111,128379,70978,80875,43966,162632,69784,107352,3313,2306,54866,81332,73860,178252,109106,142362,150219,182076,136621,139589,169928,215456,85807,93895,71119,27881,84341,94555,85101,41489,78786,100294,94067,42425,111730,126172,108195,49208,53245,80863,5312,73759,28991,55172,26934,53108,67614,119778,70294,68416,61998,107083,94364,93543
Taeniopygia guttata,2298,7495,569,1421,1312,6621,457,12151,2762,7597,975,5368,1092,5506,662,6442,1710,5436,295,24,776,4159,1551,5738,1806,5353,3178,4384,2143,4448,2989,6627,1379,4198,1156,1738,1504,3786,1846,627,1407,5477,1675,2000,2640,6161,2300,1546,1499,3701,59,2519,971,3093,411,2325,1337,7167,1149,2250,1365,4058,2835,3888
Xenopus tropicalis,124771,96421,60519,85952,101067,75487,55898,168804,120188,98741,70316,140030,94324,68347,63237,128227,88993,86229,5402,2600,74168,72810,94587,174721,127337,116219,191901,184096,173099,129087,209289,201275,106272,86783,78135,23418,98444,72098,112261,29713,89074,82219,109100,27873,119405,104153,119131,29545,61036,63620,5040,66311,34354,41277,35408,40898,81984,96772,84671,69446,68835,83770,118599,81630
Ambystoma mexicanum,1834,2789,709,1650,1436,2300,819,4235,2088,2866,926,3395,1563,2148,851,3465,1621,2784,76,52,1169,1973,1709,4153,2030,3259,2798,4212,2762,3821,3110,5087,1563,2447,1258,932,1709,2161,1986,1206,1565,2660,1911,1269,2051,3250,2056,1182,1206,2112,81,1727,540,1183,1021,1398,1272,2584,1421,1724,1472,2820,2159,2357
